{
  "n_markets": 1998,
  "confound_correlation": 0.2636,
  "spread": {
    "raw_r": -0.1489,
    "raw_p": 2.2779436172252913e-11,
    "residual_r": -0.0209,
    "residual_p": 0.35041645730651777
  },
  "depth": {
    "raw_r": -0.0742,
    "raw_p": 0.0008982904040041296,
    "residual_r": -0.0086,
    "residual_p": 0.7005607541221531
  },
  "spread_by_price_bin": {
    "(0.0, 0.1]": {
      "mean_spread": 63.8136,
      "n": 1175
    },
    "(0.1, 0.2]": {
      "mean_spread": 36.1419,
      "n": 134
    },
    "(0.2, 0.3]": {
      "mean_spread": 30.9999,
      "n": 102
    },
    "(0.3, 0.4]": {
      "mean_spread": 27.882,
      "n": 91
    },
    "(0.4, 0.5]": {
      "mean_spread": 24.4032,
      "n": 52
    },
    "(0.5, 0.6]": {
      "mean_spread": 30.4838,
      "n": 60
    },
    "(0.6, 0.7]": {
      "mean_spread": 19.1737,
      "n": 69
    },
    "(0.7, 0.8]": {
      "mean_spread": 15.3897,
      "n": 69
    },
    "(0.8, 0.9]": {
      "mean_spread": 10.8115,
      "n": 58
    },
    "(0.9, 1.0]": {
      "mean_spread": 7.5825,
      "n": 188
    }
  }
}